idx,macro,China,English,Spanish,France,Portugal,Russian,Italy,Thai
1,MAIN_LBL_OTDR,OTDR,OTDR,OTDR,OTDR,OTDR,OTDR,OTDR,OTDR
2,MAIN_LBL_VFL,红光源,VFL,VFL,VFL,VFL,VFL,VFL,VFL
3,MAIN_LBL_LIGHT_SOURCE,稳定光源,LightSource,Fuente de luz,Light Source,Fonte de Luz,LightSource,LightSource,LightSource
4,MAIN_LBL_OPM,光功率计,OPM,OPM,OPM,OPM,OPM,OPM,OPM
5,MAIN_LBL_FIP,光纤端面,FIP,FIP,FIP,FIP,FIP,FIP,FIP
6,MAIN_LBL_RJ45,网线,RJ45,RJ45,RJ45,RJ45,RJ45,RJ45,RJ45
7,MAIN_LBL_FILE,文件管理,File,Archivo,lime,Arquivo,Файл,,
8,MAIN_LBL_SYSTEM_SET,系统设置,Set,Establecer,poser,Definir,Настройки,,
9,VFL_LBL_CLOSE,关闭,OFF,Apagar,Off,Desligado,Выкл.,,
10,VFL_LBL_CW,连续,Normal,Normal,normal,Normal,Обычный,,
11,VFL_LBL_2HZ,闪烁,Flash,Destello,flash,Instantâneo,Вспышка,,
12,VFL_LBL_WARNING,请勿直视端口！,No looking at the port !,¡No mirar el puerto!,Pas de regard sur le port !,Não olhar para a porta!,Не смотрите прямо в порт!,,
13,LIGHT_SOURCE_LBL_CLOSE,关闭,OFF,Apagar,Off,Desligado,Выкл,,
14,LIGHT_SOURCE_LBL_WAVE,λ,λ,λ,l,λ,λ,,
15,LIGHT_SOURCE_LBL_HZ,HZ,HZ,HZ,Hz,HZ,Гц,,
16,LIGHT_SOURCE_LBL_FREQUENCE,频率：,Frequence：,Frecuencia,Frequence：,Frequência ：,Частота:,,
17,LIGHT_SOURCE_LBL_START,开始,Start,Start,Start,Start,Start,,
18,OPM_LBL_WAVELENGTH,λ,λ,λ,l,λ,λ,,
19,OPM_LBL_DBM,dBm,dBm,dBm,Dbm,dBm,дБм,,
20,OPM_LBL_REF,REF,REF,REF,ref,REF,REF,,
21,OPM_LBL_ZERO_ADJUST,调零,Zero Adjust,Zero Adjust,Zero Adjust,Zero Adjust,Zero Adjust,,
22,FIP_LBL_OPEN,打开,Open,Abrir,ouvrir,Abrir,Открыть,,
23,FIP_LBL_SAVE,保存,Save,Guardar,sauvegarder,Salve ,Сохранить,,
24,FIP_LBL_ALIGN,居中,Centered,Centrado,Centré,Centrado,По центру,,
25,FILE_LBL_PATH,路径,Path,Camino,chemin,Caminho,Дорожка,,
26,FILE_LBL_FILE_TYPE,文件类型,File Type,Tipo de archivo,Type de fichier,Tipo de arquivo,Тип файла,,
27,FILE_LBL_OPEN,打开,Open,Abrir,ouvrir,Abrir,Открыть,,
28,FILE_LBL_SELECT_ALL,全选,Select all,Seleccionar todo,Sélectionner tout,Selecionar tudo,Выбрать все,,
29,FILE_LBL_MKDIR,新建文件夹,New folder,Nueva carpeta,Nouveau dossier,Nova pasta,Новая папка,,
30,FILE_LBL_RENAME,重命名,Rename ,Renombrar,renommer,Renomear,Переименовать,,
31,FILE_LBL_COPY,复制,Copy,Copiar,copier,Copiar,Копировать,,
32,FILE_LBL_PASTE,粘贴,Paste,Pegar,pâte,Colar,Вставить,,
33,FILE_LBL_DELETE,删除,Delete,Borrar,supprimer,Excluir,Удалить,,
34,FILE_LBL_FILE_NAME,文件名,File name,Nombre de archivo,Nom de fichier,Nome do arquivo,Имя файла,,
35,FILE_LBL_DATE,日期,Date,Fecha,date,Data,Дата,,
36,FILE_LBL_NO_DISK,未检测到sd卡和U盘！,SD card and USB driver are not detected!,¡Tarjeta SD y almacenamiento USB no detectado!,La carte SD et le pilote USB ne sont pas détectés!,O cartão SD e o driver USB não foram detectados!,SD-карта и U-диск не обнаруживаются!,,
37,FILE_LBL_SAME_FILE,该目录存在同名文件！,The file name repetition！,¡Nombre de archivo repetido!,La répétition du nom de fichier !,Repetição do nome do arquivo！,Уже существует файл с таким же именем!,,
38,FILE_LBL_CREATE_FOLDER_FAILED,创建文件夹失败！,Failed to create a new folder！,¡Error al crear nueva carpeta!,Impossible de créer un nouveau dossier !,Falha ao criar uma nova pasta！,Не удалось создать новую папку!,,
39,FILE_LBL_INVALID_FOLDER_NAME,请输入有效的文件夹名称,Please enter a valid folder name,Por favor ingrese un nombre de carpeta válido,Entrez un nom de dossier valide,Por favor insira um nome de pasta válido,"Пожалуйста, введите действительное имя папки",,
40,FILE_LBL_LONG_FILE_NAME,文件名过长，请重新输入,Please re-enter a short file name,Reingrese un nombre corto,Entrez à nouveau un nom de fichier court,Digite novamente um nome de arquivo curto,"Пожалуйста, введите короткое имя файла еще раз",,
41,FILE_LBL_RENAME_FAILED,重命名文件失败！,Failed to re-name!,¡Error al renombrar!,Impossible de re-nommer!,Falha ao renomear!,Не удалось переименовать!,,
42,FILE_LBL_FILE_NOT_EXIST,文件或文件夹不存在！,Nonexistent of file/folder!,Archivo/carpeta inexistente,Inexistant de fichier/dossier !,Arquivo / pasta inexistente!,Не существует файла / папки!,,
43,FILE_LBL_NOT_PASTE,不能粘贴到当前目录,Cannot paste into the current directory,No se puede pegar en este directorio,Impossible de coller dans le répertoire actif,Não é possível colar no diretório atual,Невозможно вставить в текущий каталог,,
44,FILE_LBL_FILE_ALREADY_EXIST,文件已存在，是否覆盖？,"The file already exists, overwrite it?","El archivo ya existe, ¿sobreescribirlo?","Le fichier existe déjà, l’écraser ?","O arquivo já existe, deseja substituí-lo?","Файл уже существует, перезаписать его?",,
45,FILE_LBL_DELETE_FILE,确定要删除文件或文件夹？,Confirm the deletion?,Confirmar la eliminación,Confirmer la suppression ?,Confirma a exclusão?,"Вы уверены, что хотите удалить файл или папку?",,
46,SYSTEM_LBL_PARAMETER_SET,进行系统参数的设定,System parameter setting,Ajustes de parámetros del sistema,Paramètre système,Configuração de parâmetros do sistema,Установка системных параметров,,
47,SYSTEM_LBL_KEY_WARNING,按键音,KeyWarning,KeyWarning,KeyWarning,KeyWarning,KeyWarning,,
48,SYSTEM_LBL_DATE,日期,Date,Fecha,date,Data,Дата,,
49,SYSTEM_LBL_TIME,时间,Time,Hora,Heure,Tempo,Время,,
50,SYSTEM_LBL_LANGUGAGE,语言,Language,Idioma,Langue,Idioma,Язык,,
51,SYSTEM_LBL_AUTO_OFF,自动关机,Auto power-off,Apagado automático,Mise hors tension automatique,Desligamento automático,Авто-выключение,,
52,SYSTEM_LBL_STAND_BY_TIME,待机时间,Stand-by time,Tiempo de espera,Temps de stand-by,Tempo de espera,Время ожидания,,
53,SYSTEM_LBL_RESTORE_FACTORY_DEFAULT,恢复出厂设置,Factory default,Predeterminado de fábrica,Par défaut,Padrão de fábrica,Заводские настройки,,
54,SYSTEM_LBL_UPDATE,升级,Update,Actualizar,mettre à jour,Atualizar,Обновить,,
55,SYSTEM_LBL_SYSTEM_INFO,系统信息,System info,Info del sistema,Informations système,Informação do sistema,Системная информация,,
56,SYSTEM_LBL_CONFIRM,确定,Confirm,Confirmar,confirmer,Confirmar,Подтвердить,,
57,SYSTEM_LBL_CANCEL,取消,Cancel,Cancelar,Annuler,Cancelar,Отменить,,
58,SYSTEM_LBL_CONFIRM_TO_RESTORE,确定要恢复出厂设置吗？,Confirm to restore?,¿Confirma restaurar?,Confirmer,Confirma para restaurar?,"Вы уверены, что хотите восстановить заводские настройки?",,
59,SYSTEM_LBL_RESTORING,正在恢复到默认设置…,Restoring factory default...,Restaurando predeterminado de fábrica,Restauration de la valeur par défaut...,Restaurando o padrão de fábrica ...,Восстановление заводских настроек по умолчанию ...,,
60,SYSTEM_LBL_RESTORED_SUCCESS,恢复出厂设置成功，请重启系统,"Restore successfully, please restart","Restauración exitosa, por favor reinicie","Restaurer avec succès, veuillez redémarrer","Restaurado com sucesso, por favor reinicie","Заводские настройки успешно восстановлены, перезагрузите систему.",,
61,SYSTEM_LBL_INPUT_BATTERY,必须插入电池且电量大于50%！,Plug the battery and the power is over 50%!,¡Conecte la batería y la potencia es superior a 50%!,Branchez la batterie et la puissance est supérieure à 50%!,Conecte a bateria e a potência é superior a 50%!,"Аккумулятор должен быть вставлен, а заряд больше 50%!",,
62,SYSTEM_LBL_PRESS_UPDATE,按下升级按钮启动,Press the update button,Aprete el bottón de actualización,Appuyez sur le bouton de mise à jour,Pressione o botão de atualização,"Нажмите кнопку обновления, чтобы начать",,
63,SYSTEM_LBL_POWER_OVER_50,升级前，请确保电量大于50%,Ensure the power is over 50%! before updating,Asegúrese que la batería está por encima de 50% antes de actualizar,Assurez-vous que la puissance est supérieure à 50%! avant la mise à jour,Certifique-se de que a potência seja superior a 50%! antes de atualizar,"Перед обновлением убедитесь, что батарея заряжена более чем на 50%.",,
64,SYSTEM_LBL_LOAD_DISK,尝试加载sd卡或U盘…,Loading the SD card or USB driver...,Cargando tarjeta SD o dispositivo USB...,Chargement de la carte SD ou du pilote USB...,Carregando o cartão SD ou driver USB ...,Загрузка SD-карты или USB-драйвера ...,,
65,SYSTEM_LBL_SEARCH_UPDATE_FILE,正在搜索升级文件…,Searching the updating file...,Buscando el archivo de actualización...,Recherche dans le fichier de mise à jour...,Pesquisando o arquivo de atualização ...,Поиск файла обновления ...,,
66,SYSTEM_LBL_INSERT_DISK,请插入sd卡或U盘！,Please insert the SD card or USB driver!,¡Por favor inserte la tarjeta SD o dispositivo USB!,Veuillez insérer la carte SD ou le pilote USB!,Insira o cartão SD ou driver USB!,"Пожалуйста, вставьте SD-карту или USB-драйвер!",,
67,SYSTEM_LBL_INPUT_UPDATE_FILE,请将升级文件放入sd卡或U盘中！,Copy the update file to SD card or USB driver!,¡Copie el archivo de actualización a la tarjeta SB o dispositivo USB!,Copiez le fichier de mise à jour sur la carte SD ou le pilote USB!,Copiar o arquivo de atualização para o cartão SD ou driver USB!,Скопируйте файл обновления на SD-карту или USB-драйвер!,,
68,SYSTEM_LBL_INSUFFICIENT_DISK_SPACE,磁盘空间不足，请使用修复软件修复,"Insufficient disk space, please repair it","Espacio en el disco insuficiente, por favor, soluciónelo","Espace disque insuffisant, s’il vous plaît le réparer","Espaço em disco insuficiente, reparar","Недостаточно места на диске, отремонтируйте его",,
69,SYSTEM_LBL_UNZIPPING_UPDATE_FILE,正在解压升级文件…,Unzipping update file...,Descomprimiendo archivo de actualización...,Décompresser le fichier de mise à jour...,Descompactando arquivo de atualização ...,Распаковка файла обновления ...,,
70,SYSTEM_LBL_UNZIP_FAILED,解压失败，请重启系统再次升级,"Decompression failed, please upgrade again","Descompresión fallada, inténtelo de nuevo","La décompression a échoué, veuillez mettre à niveau à nouveau","A descompressão falhou, atualize novamente","Ошибка распаковки, перезапустите систему для повторного обновления.",,
71,SYSTEM_LBL_DAMAGED_UPDATING_FILE,升级包损坏,Damaged updating file,Archivo de actualización fallado,Fichier de mise à jour endommagé,Arquivo de atualização danificado,Поврежденный файл обновления,,
72,SYSTEM_LBL_WRITING_SECTOR,正在写入扇区…,Writting sector...,Escribiendo sección...,Secteur de l’écriture...,Escrevevendo a sessão,Пишущий сектор ...,,
73,SYSTEM_LBL_UPDATE_SUCCESS,升级成功…,Updating successfully...,Acualizando con éxito...,Mise à jour réussie...,Atualizando com sucesso ...,Обновление успешно выполнено…,,
74,SYSTEM_LBL_MODULE,模块：,Module:,Modelo:,module:,Módulo:,Модуль:,,
75,SYSTEM_LBL_SERIAL_NUM,序列号：,Serial No.： ,Número de serie:,Numéro de série :,Número de série.:,Серийный номер:,,
76,SYSTEM_LBL_VERSION,版本：,Version:,Versión:,Version:,Versão:,Версия:,,
77,SYSTEM_LBL_SOFTWARE_DATE,软件日期：,Date:,Fecha:,date:,Data:,Дата,,
78,OTDR_SET_LBL_TEST,测试,Test,Prueba:,test,Teste,Тест,,
79,OTDR_SET_LBL_ANALYSIS,分析,Analysis,Análisis:,analyse,Análise,Анализ,,
80,OTDR_SET_LBL_THRESHOLD,阈值,Threshold,Umbral:,seuil,Limiar,Порог,,
81,OTDR_SET_LBL_REPORT,报表,Report,Informe:,rapport,Relatório,Отчет,,
82,OTDR_SET_LBL_MEASURE,进行OTDR测试设定,Measurement Setting,Ajustes de medición:,Paramètre de mesure,Configuração de medição,Настройка измерения,,
83,OTDR_SET_LBL_TEST_MODE,测量模式,Test mode,Modo prueba,Mode test,Modo de teste,Тестовый режим,,
84,OTDR_SET_LBL_RT,实时,RT,RT,RT,RT,RT,,
85,OTDR_SET_LBL_AVERAGE,平均,Average,Average,Average,Average,Average,,
86,OTDR_SET_LBL_RANGE,量程,Range,Rango,gamme,Alcance,Диапазон,,
87,OTDR_SET_LBL_PULSE,脉宽,Pulse,Pulso,pouls,Pulso,Пульс,,
88,OTDR_SET_LBL_TEST_TIME,测试时长,Test time,Tiempo de prueba,Temps de test,Tempo de teste,Время тестирования,,
89,OTDR_SET_LBL_REAL_TIME,实时,Real-time,Tiempo real,en temps réel,Tempo real,В реальном времени,,
90,OTDR_SET_LBL_DISTANCE_UNIT,距离单位,Unit of distance,Unidad de distancia,Unité de distance,Unidade de distância,Единица расстояния,,
91,OTDR_SET_LBL_WAVE_LENGTH,波长,Wavelength,Longitud de onda,longueur d’onde,Comprimento de onda,Длина волны,,
92,OTDR_SET_LBL_ANALYSIS_PARA,分析参数,Analysis Parameter,Parámetro de análisis,Paramètre d’analyse,Parâmetro de Análise,Параметр анализа,,
93,OTDR_SET_LBL_REFRACTIVE_INDEX,折射率,Refractive index,Índice de reflaxión,Indice de réfraction,Índice de refração,Показатель преломления,,
94,OTDR_SET_LBL_BACK_SCATTERING,背向散射,Back scattering,Dispersión de retorno,Diffusion arrière,Espalhamento de volta,Обратное рассеяние,,
95,OTDR_SET_LBL_HELIX_FACTOR,余长系数,Helix factor,Factor hélice,Facteur d’hélice,Fator hélice,Фактор спирали,,
96,OTDR_SET_LBL_DEFAULT,默认值,Default,Predeterminado,faire défaut,Padrão,По умолчанию,,
97,OTDR_SET_LBL_LANUCH_RECEIVE_FIBER,注入光纤和接收光纤,Lanuch and Receive Fiber,Fibra de lanzamiento y recepción,Fibre lanuch et réception,Lançar e receber fibra,Запуск и получение волокна,,
98,OTDR_SET_LBL_FIBER_LENGTH,按光纤长度,Fiber Length,Longitud de fibra,Longueur de la fibre,Comprimento da Fibra,Длина волокна,,
99,OTDR_SET_LBL_FIBER_EVENT,按事件,Fiber Event,Evento de fibra,Événement de fibre,Evento de fibra,Волоконное событие,,
100,OTDR_SET_LBL_LANUCH_FIBER_LENGTH,注入光纤长度,Launch Fiber Length,Longitud de fibra de lanzamiento,Longueur de la fibre de lancement,Comprimento da fibra de lançamento,Длина волокна запуска,,
101,OTDR_SET_LBL_LANUCH_FIBER_EVENT,注入光纤事件,Launch Fiber Event,Evento de fibra de lanzamiento,Événement de lancement de fibre,Evento de lançamento de fibra,Запустить событие оптоволокна,,
102,OTDR_SET_LBL_RECEIVE_FIBER_LENGTH,接收光纤长度,Receive Fiber Length,Longitud de fibra de recepción,Longueur de la fibre de réception,Receber comprimento da fibra,Получите длину волокна,,
103,OTDR_SET_LBL_RECEIVE_FIBER_EVENT,接收光纤事件,Receive Fiber Event,Evento de fibra de recepción,Réception d’un événement de fibre,Receber evento de fibra,Получить событие волокна,,
104,OTDR_SET_LBL_FIBER_EVENT_OUT_OF_RANGE,注入/接收光纤事件超出范围（1~10）,The num of Lanuch or Receive event is out of range(1~10).,El número de eventos de lanzamiento o recepción está fuera de rango (1~10).,Le nombre de l’événement Lanuch ou Receive est hors limites(1~10).,O número de eventos de lançamento ou de recepção está fora do intervalo (1 ~ 10).,Число событий Lanuch или Receive вне допустимого диапазона (1 ~ 10).,,
105,OTDR_SET_LBL_FIBER_LENGTH_M_RANGE,请输入0.0到360000.0之间的数值,Please enter a value between 0.0 and 360000.0,Por favor ingrese in valor entre 0.0 y 360000.0,"Entrez une valeur comprise entre 0,0 et 360000,0","Insira um valor entre 0,0 e 360000,0","Введите значение от 0,0 до 360000,0",,
106,OTDR_SET_LBL_FIBER_LENGTH_KM_RANGE,请输入0.0到360.0000之间的数值,Please enter a value between 0.0 and 360.0000,Por favor ingrese in valor entre 0.0 y 360.0000,"Entrez une valeur comprise entre 0,0 et 360,0000","Insira um valor entre 0,0 e 360,0000","Введите значение от 0,0 до 360,0000.",,
107,OTDR_SET_LBL_FIBER_LENGTH_FT_RANGE,请输入0.0到1181102.4之间的数值,Please enter a value between 0.0 and 1181102.4,Por favor ingrese in valor entre 0.0 y 1181102.4,"Entrez une valeur comprise entre 0,0 et 1181102,4","Insira um valor entre 0,0 e 1181102,4","Введите значение от 0,0 до 1181102,4",,
108,OTDR_SET_LBL_FIBER_LENGTH_KFT_RANGE,请输入0.0到1181.1024之间的数值,Please enter a value between 0.0 and 1181.1024,Por favor ingrese in valor entre 0.0 y 1181.1024,"Entrez une valeur comprise entre 0,0 et 1181,1024","Insira um valor entre 0,0 e 1181,1024","Введите значение от 0,0 до 1181,1024.",,
109,OTDR_SET_LBL_FIBER_LENGTH_YD_RANGE,请输入0.0到393700.8之间的数值,Please enter a value between 0.0 and 393700.8,Por favor ingrese in valor entre 0.0 y 1393700.8,"Entrez une valeur comprise entre 0,0 et 393700,8","Insira um valor entre 0,0 e 393700,8","Введите значение от 0,0 до 393700,8",,
110,OTDR_SET_LBL_FIBER_LENGTH_MI_RANGE,请输入0.0到223.6936之间的数值,Please enter a value between 0.0 and 223.6936,Por favor ingrese in valor entre 0.0 y 223.6936,"Entrez une valeur comprise entre 0,0 et 223,6936","Insira um valor entre 0,0 e 223,6936","Введите значение от 0,0 до 223,6936.",,
111,OTDR_SET_LBL_CURVE_THRESHOLD,曲线通过阈值设定,Pass-through threshold setting,Ajuste del límite de pase,Définition du seuil de passage,Configuração de limite de passagem,Настройка сквозного порога,,
112,OTDR_SET_LBL_CONNECTION_LOSS,接头损耗,Connection loss,Pérdida de conexión,Perte de connexion,Perda de conexão,Потеря связи,,
113,OTDR_SET_LBL_CONNECTOR_LOSS,连接器损耗,Connector loss ,Pérdida de conector,Perte de connecteur,Perda de conexão,Потеря соединителя,,
114,OTDR_SET_LBL_REFLECTIVITY,反射率,Reflectivity,Reflactividad,réflectivité,Reflexividade,Отражательная способность,,
115,OTDR_SET_LBL_ATTENUATION,衰减,Attenuation,Atenuación,atténuation,Atenuação,Затухание,,
116,OTDR_SET_LBL_SECTION_LOSS,跨段损耗,Section loss,Pérdida de sección,Perte de section,Perda de seção,Потеря раздела,,
117,OTDR_SET_LBL_SECTION_DISTANCE,跨段长度,Section distance,Distancia de sección,Distance de la section,Distância da seção,Расстояние сечения,,
118,OTDR_SET_LBL_SECTION_ORL,跨段ORL,Section ORL,Sección ORL,Section ORL,Seção ORL,Раздел ORL,,
119,OTDR_SET_LBL_ANALYSIS_SETTING,进行分析阈值设定,Analysis threshold setting,Configuración del umbral de análisis,Définition du seuil d’analyse,Configuração de limite de análise,Настройка порога анализа,,
120,OTDR_SET_LBL_SPLICING_LOSS,熔接损耗,Splicing loss,Pérdida de empalme,Perte d’épissage,Perda de emenda,Потери при сварке,,
121,OTDR_SET_LBL_END_LOSS,光纤末端损耗,End loss,Pérdida final,Fin de la perte,Perda final,Конец потери,,
122,OTDR_SET_LBL_REPORT_SETTING,进行报表信息设定,Report setting,Ajustes de informe,Paramètre de rapport,Configuração de relatório,Настройка отчета,,
123,OTDR_SET_LBL_NAME_CABLE,光缆编号,Cable ID,Identificación de cable,ID de câble,ID do cabo,Идентификатор кабеля,,
124,OTDR_SET_LBL_NAME_FIBER,光纤编号,Fiber ID,Identificación de fibra,ID de fibre,ID da fibra,Идентификатор волокна,,
125,OTDR_SET_LBL_LOCATION_A,位置a,Location a,Ubicación a,Emplacement a,Localização a,Расположение а,,
126,OTDR_SET_LBL_LOCATION_B,位置b,Location b,Ubicación b,Emplacement b,Localização b,Расположение б,,
127,OTDR_SET_LBL_NAME_TEST,任务编号,Name the test,Nombre de la prueba,Nommez le test,Dar nome ao teste,Назовите тест,,
128,OTDR_SET_LBL_USER,用户,User,Usuario,utilisateur,Usuário,Пользователь,,
129,OTDR_SET_LBL_NOTE,注释,Note,Nota,note,Nota,Примечание,,
130,OTDR_SET_LBL_DEFAULT_PATH,文件默认保存路径：,Default file save path:,Ruta de almacenamiento de archivo predeterminada:,Chemin d’enregistrement du fichier par défaut :,Caminho padrão para salvar o arquivo:,Путь для сохранения файла по умолчанию:,,
131,OTDR_SET_LBL_ERROR_ENTER,数值越界了，请输入,"Error value, please re-enter","Error de valor, por favor reingrese","Valeur d’erreur, veuillez saisir à nouveau","Valor incorreto, digite novamente","Значение ошибки, введите повторно",,
132,OTDR_SET_LBL_ENSURE_CHANGE,是否应用阈值设置到事件测试中？,Are thresholds used in the measurement now?,¿Se utilizan ahora los umbrales en la medición?,Les seuils sont-ils utilisés dans la mesure maintenant?,Os limites serão usados ​​na medição agora?,Используются ли сейчас в измерениях пороги?,,
133,OTDR_SET_REEVENT_ANALYZE,重新事件分析中，请稍后…,"Re-eventing analysis, please wait…","Análisis de re-eventos, por favor espere...","Analyse des re-événements, veuillez patienter...","Análise de re-evento, por favor aguarde ...","Повторный анализ событий, подождите…",,
134,OTDR_DEFAULT_FOLDER_LBL_TITLE,默认文件夹,Default Folder,Carpeta predeterminada,Dossier par défaut,Pasta padrão,Папка по умолчанию,,
135,OTDR_DEFAULT_FOLDER_LBL_CONFIRM,确认,Confirm,Confirmar,confirmer,Confirmar,Подтверждать,,
136,OTDR_LBL_CARRAY_OUT,确认执行,Carry out,Realizar,réaliser,Carregar,Выполнять,,
137,OTDR_LBL_SIGNAL_CONTINUE,光纤中有光，确认继续？,"Signal transmission in fiber, to continue?","Señar de transmisión en fibra, continuar?","Transmission de signaux en fibre, pour continuer ?","Transmissão de sinal em fibra, continuar?","Передача сигнала по оптоволокну, продолжить?",,
138,OTDR_LBL_CHECAK_TRANSMISSION,光纤有光检查中…,Checking the signal transmission...,Chequeando señal de transmisión,Vérification de la transmission du signal...,Verificando a transmissão do sinal ...,Проверка передачи сигнала ...,,
139,OTDR_LBL_CHECKING_CONNECTOR,光纤接头检查中…,Checking the connector...,Chequeando conector...,Vérification du connecteur...,Verificando o conector ...,Проверка разъема ...,,
140,OTDR_LBL_BAD_CONNECTOR_CONTINUE,光纤接头未接好，确认继续？,"Bad Con. state, to continue?","Estado de mala conexión, ¿continuar?","Bad Con. état, pour continuer?",Conector com falha . Deseja continuar?,"Плохое состояние Con., Продолжить?",,
141,OTDR_LBL_EVENAT_ANALYZING,事件分析中…,Event analyzing...,Analizando eventos,Analyse des événements...,Analisando evento ...,Анализируем события ...,,
142,OTDR_LBL_PASS,通过,Pass ,Paso,passer,Sucesso,Проходить,,
143,OTDR_LBL_FAIL,不通过,Fail,Fallo,échouer,Falhou,Неудача,,
144,OTDR_LBL_STYLE,类型,Type,Tipo,type,Modelo,Виды,,
145,OTDR_LBL_NUMBER,序号,No,No,"Non,",Não,Серийный номер,,
146,OTDR_LBL_DISTANCE,距离,Distance,Distancia,distance,Distância,Расстояние,,
147,OTDR_LBL_DISTANCE_M,距离(m),Distance(m),Distancia(m),distance(m),Distância(m),Расстояние(m),,
148,OTDR_LBL_DISTANCE_KM,距离(km),Distance(km),Distancia(km),distance(km),Distância(km),Расстояние(km),,
149,OTDR_LBL_DISTANCE_FT,距离(ft),Distance(ft),Distancia(ft),distance(ft),Distância(ft),Расстояние(ft),,
150,OTDR_LBL_DISTANCE_KFT,距离(kft),Distance(kft),Distancia(kft),distance(kft),Distância(kft),Расстояние(kft),,
151,OTDR_LBL_DISTANCE_YD,距离(yd),Distance(yd),Distancia(yd),distance(yd),Distância(yd),Расстояние(yd),,
152,OTDR_LBL_DISTANCE_MILE,距离(mile),Distance(mile),Distancia(mile),distance(mile),Distância(mile),Расстояние(mile),,
153,OTDR_LBL_LOSS,损耗,Loss,Pérdida,perte,Perda,Потери,,
154,OTDR_LBL_LOSS_DB,损耗(dB),Loss(dB),Pérdida(dB),perte(dB),Perda(dB),Потери(dB),,
155,OTDR_LBL_REF,反射率,Ref.,Ref.,ref.,Ref.,Ref.,,
156,OTDR_LBL_REF_DB,反射率(dB),Ref.(dB),Ref.(dB),ref.(dB),Ref.(dB),Ref.(dB),,
157,OTDR_LBL_ATT,衰减率,Att.,Att.,cela.,Att. ,Атт.,,
158,OTDR_LBL_ATT_DB,衰减率(dB/km),Att.(dB/km),Att. (dB/km),cela. (dB/km),Att. (DB / km),Атт. (ДБ / км),,
159,OTDR_LBL_SAVE_FILE,保存文件,Save the file,Guardar archivo,Enregistrer le fichier,Salve o arquivo,Сохраните файл,,
160,OTDR_LBL_OPEN_FILE,打开文件,Open the file ,Abrir archivo,Ouvrir le fichier,Abra o arquivo,Открыть файл,,
161,OTDR_LBL_SAVE_SUCCESSFULLY,保存成功:,Save successfully:,Almacenamiento exitoso:,Enregistrer avec succès :,Salvo com sucesso:,Сохраните успешно:,,
162,OTDR_LBL_SAVE_FAILED,保存失败:,Save failed:,Almacenamiento fallido:,Échec de l’enregistrement :,Falha ao salvar:,Не удалось сохранить:,,
163,OTDR_LBL_EXIT,退出,Exit,Salir,sortie,Sair,Выход,,
164,OTDR_LBL_FIBER_LENGTH,光纤长度：,Fiber Length:,Longitud de fibra,Longueur de la fibre:,Comprimento da fibra:,Длина волокна:,,
165,OTDR_LBL_WAVE,波长（nm）,Wave(nm),Onda (nm),Onde(nm),Onda (nm),Волна (нм),,
166,OTDR_LBL_TOTAL_ATT,总衰减(dB),Total Atten.(dB),Total Atten.(dB),Atten total.(dB),Atenuação total(dB),Total Atten.(dB),,
167,OTDR_LBL_TOTAL_ATT_1,总衰减：,Total Atten.:,Total Atten.:,Atten total.:,Atenuação total:,Total Atten.:,,
168,OTDR_LBL_ATT_FACTOR,衰减系数(dB/km),Atten.(dB/km),Atten.(dB/km),Dix-huit.(dB/km),Atenuação(dB/km),Atten.(dB/km),,
169,OTDR_LBL_ATT_FACTOR_1,衰减系数：,Atten.:,Atten.:,Dix-huit.:,Atenuação:,Atten.:,,
170,OTDR_LBL_TOTAL_EVENT_NUM,事件总数,Total Events,Eventos totales,Nombre total d’événements,Total de eventos,Всего событий,,
171,OTDR_LBL_UNABLE_TO_SET_SPANS,无法设置跨段！,Unable to set spans!,¡No se pueden establecer intervalos!,Impossible de définir les portées!,Falha ao definir extensões!,Невозможно установить промежутки!,,
172,OTDR_LBL_SWITCH_LINK_MAP,请按下[SHIFT]+[ENTER]键切换到链路地图.,Please press [SHIFT]+[ENTER] to switch link map.,Please press [SHIFT]+[ENTER] to switch link map.,Please press [SHIFT]+[ENTER] to switch link map.,Please press [SHIFT]+[ENTER] to switch link map.,Please press [SHIFT]+[ENTER] to switch link map.,,
173,OTDR_LBL_SWITCH_EVENT_TABLE,请按下[SHIFT]+[ENTER]键切换到事件列表.,Please press [SHIFT]+[ENTER] to switch event table.,Please press [SHIFT]+[ENTER] to switch event table.,Please press [SHIFT]+[ENTER] to switch event table.,Please press [SHIFT]+[ENTER] to switch event table.,Please press [SHIFT]+[ENTER] to switch event table.,,
174,OTDR_REPORT_LBL_TITLE,OTDR报告,OTDR report,Informe OTDR,Rapport OTDR,Relatório OTDR,Отчет OTDR,,
175,OTDR_REPORT_LBL_SUMMARY,摘要表,Summary,Resumen,résumé,Resumo,Резюме,,
176,OTDR_REPORT_LBL_FILE_NAME,文件名：,File name:,Nombre de archivo:,Nom du fichier :,Nome do arquivo:,Имя файла:,,
177,OTDR_REPORT_LBL_COMPANY_NAME,公司：,Company name:,Nombre de empresa:,Nom de l’entreprise :,Nome da empresa:,Название компании:,,
178,OTDR_REPORT_LBL_TEST_DATE,测试日期:,Test date:,Fecha de la prueba:,Date du test :,Data do teste:,Дата испытаний:,,
179,OTDR_REPORT_LBL_CUSTOMER,客户：,Customer:,Cliente:,client:,Cliente:,Клиент:,,
180,OTDR_REPORT_LBL_TEST_TIME,测试时间,Test time:,Hora de la prueba:,Temps de test :,Tempo de teste:,Время тестирования:,,
181,OTDR_REPORT_LBL_TASK_ID,任务ID：,Task ID:,Identificación de tarea:,ID de tâche :,ID da tarefa:,ID задачи:,,
182,OTDR_REPORT_LBL_CABLE_NUMBER,光缆标识：,Cable number:,Número de cable:,Numéro de câble :,Número do cabo:,Номер кабеля:,,
183,OTDR_REPORT_LBL_FIBER_NUMBER,光纤标识：,Fiber number:,Número de fibra:,Numéro de fibre :,Número da fibra:,Номер волокна:,,
184,OTDR_REPORT_LBL_DIRECTION,方向：,Direction：,Dirección:,direction:,Direção:,Направление:,,
185,OTDR_REPORT_LBL_OPERATOR_A,操作员A：,Operator A：,Operador A:,Opérateur A :,Operador A:,Оператор А:,,
186,OTDR_REPORT_LBL_OPERATOR_B,操作员B：,Operator B：,Operador B:,Opérateur B :,Operador B:,Оператор B:,,
187,OTDR_REPORT_LBL_LOACATION_A,位置A：,Loacation A：,Ubicación A:,Loacation A:,Localização A:,Местонахождение А:,,
188,OTDR_REPORT_LBL_LOACATION_B,位置B：,Loacation B：,Ubicación B:,Loacation B:,Localização B:,Место пребывания B:,,
189,OTDR_REPORT_LBL_NOTE,注释：,Note：,Nota:,note:,Observação:,Примечание:,,
190,OTDR_REPORT_LBL_MEASURING_MODEL,测量平台：,Measuring model：,Modelo de medición:,Modèle de mesure :,Modelo de medição:,Модель измерения:,,
191,OTDR_REPORT_LBL_SERIAL_NUMBER,序列号：,Serial number： ,Número de serie:,matricule:,Número de série:,Серийный номер:,,
192,OTDR_REPORT_LBL_VERSION,版本：,Version:,Versión:,Version:,Versão:,Версия:,,
193,OTDR_REPORT_LBL_TRACE,OTDR曲线,OTDR Trace,Traza del OTDR:,OTDR Trace,Traço OTDR,OTDR Trace,,
194,OTDR_REPORT_LBL_MARKER_INFO,标记线信息,Marker info,Info del marcador,Informations sur le marqueur,Informação do marcador,Информация о маркере,,
195,OTDR_REPORT_LBL_MARKER_A,标记线A,Marker A,Marcador A,Marqueur A,Marcador A,Маркер А,,
196,OTDR_REPORT_LBL_MARKER_b,标记线B,Marker B,Marcador B,Marqueur B,Marcador B,Маркер B,,
197,OTDR_REPORT_LBL_DISTANCE,A到B距离,A-B distance,Distancia A-B,Distance A-B,Distância A-B,Расстояние A-B,,
198,OTDR_REPORT_LBL_MARKER_LOSS,A到B光回损,AB2Pt. Loss,Pérdida AB2Pt.,AB2Pt. perte,AB2Pt. Perda,AB2Pt. Убыток,,
199,OTDR_REPORT_LBL_MARKER_ATTN,A到B的差值,AB2Pt. Attn.,Atenuación AB2Pt,AB2Pt. Attn.,AB2Pt. Atenuação.,AB2Pt. Attn.,,
200,OTDR_REPORT_LBL_ORL,跨段ORL,ORL,ORL,ORL,ORL,ORL,,
201,OTDR_REPORT_LBL_EVENTS,事件表,Events,Eventos,épreuves,Eventos,События,,
202,OTDR_REPORT_LBL_ORIGINALEVENT,起点事件,Original event,Evento original,Événement original,Evento original,Исходное событие,,
203,OTDR_REPORT_LBL_END_EVENT,终点事件,End event,Evento final,"End, événement",Fim do evento,Завершить мероприятие,,
204,OTDR_REPORT_LBL_SPLICE_EVENT,熔接事件,Splicing event,Evento de empalme,Événement d’épissage,Evento de emenda,Событие сращивания,,
205,OTDR_REPORT_LBL_GAIN_EVENT,增益事件,Gain event,Ganar evento,"Gain, événement",Evento de ganho,Получить событие,,
206,OTDR_REPORT_LBL_RL_EVENT,回波事件,RL event,Evento RL,Événement RL,Evento RL,Событие RL,,
207,OTDR_REPORT_LBL_REFLECTION_EVENT,反射事件,Reflection event ,Evento de reflaxión,Événement de réflexion,Evento de reflexão,Отражение событие,,
208,OTDR_REPORT_LBL_UNDERPOWER_EVENT,光功率不足事件,Underpower event,Evento de baja potencia,Événement de sous-puissance,Evento de bateria fraca,Событие Underpower,,
209,OTDR_REPORT_LBL_ANALYSIS_END_EVENT,分析结束事件,Analysis end event,Análisis y evento,Événement de fin d’analyse,Evento final de análise,Конечное событие анализа,,
210,OTDR_REPORT_LBL_CUMULATIVE_LOSS,累计损耗(dB),Cum.(dB),Cum. (dB),Comment.(dB),Cum. (dB),Cum. (ДБ),,
211,OTDR_REPORT_LBL_PARAMETER_SETTING,曲线参数、阈值和设置信息,Paremeter setting,Ajustes de parámetros,Réglage du paremètre,Configuração de parâmetro,Настройка парометра,,
212,OTDR_REPORT_LBL_PARAMETER,参数,Parameter:,Parámetro:,paramètre:,Parâmetro:,Параметр:,,
213,OTDR_REPORT_LBL_WAVELENGTH,波长：,Wavelength:,Longitud de onda:,longueur d’onde:,Comprimento de onda:,Длина волны:,,
214,OTDR_REPORT_LBL_PULSE,脉宽：,Pulse:,Pulso:,pouls:,Pulso:,Пульс:,,
215,OTDR_REPORT_LBL_RANGE,量程：,Range:,Rango:,gamme:,Alcance:,Диапазон:,,
216,OTDR_REPORT_LBL_AVG_TIME,平均时间：,Avg. time:,Tiempo promedio:,Temps moyen :,Média Tempo:,Среднее время:,,
217,OTDR_REPORT_LBL_THRESHOLD,通过/不通过阈值,Pass/Fail Thre.,Paso/fallo de umbral,Réussite/Échec Thre.,Limite Aprovado / Reprovado,Успешно / Неудачно Thre.,,
218,OTDR_REPORT_LBL_CONNECTION_LOSS,接头损耗：,Connection loss:,Pérdida de conexión:,Perte de connexion :,Perda de conexão:,Потеря связи:,,
219,OTDR_REPORT_LBL_CONNECTOR_LOSS,连接器损耗：,Connector loss:,Pérdida de conector:,Perte de connecteur :,Perda do conector:,Потеря соединителя:,,
220,OTDR_REPORT_LBL_REF,反射率：,Ref.(dB):,Ref. (dB):,Réf.(dB):,Ref. (dB):,Ссылка (дБ):,,
221,OTDR_REPORT_LBL_ATT,衰减：,Att.(dB/km),Att. (dB/km),cela. (dB/km),Atenuação. (dB / km),Атт. (ДБ / км),,
222,OTDR_REPORT_LBL_LOSS,跨段损耗：,Loss:,Pérdida:,perte:,Perda:,Потеря:,,
223,OTDR_REPORT_LBL_LENGTH,跨段长度：,Length:,Longitud:,longueur:,Comprimento:,Длина:,,
224,OTDR_REPORT_LBL_SPAN_ORL,跨段ORL：,Span ORL:,Segmento ORL:,Span ORL :,Span ORL:,Диапазон ORL:,,
225,OTDR_REPORT_LBL_SETUP,设置,Setup,Ajustar,coup monté,Configurar,Настройки,,
226,OTDR_REPORT_LBL_REFRACTIVE_INDEX,折射率：,Refractive index:,Índice de reflaxión,Indice de réfraction :,Índice de refração:,Показатель преломления:,,
227,OTDR_REPORT_LBL_SPLICING_THRE,熔接损耗阈值：,Splicing loss Thre.:,Umbral de pérdida de empalme:,Perte d’épissage Thre.:,Perda do limite de emenda:,Порог потерь на сварке:,,
228,OTDR_REPORT_LBL_BACK_SCATTERING,背向散射：,Back scattering:,Dispersión de retorno:,Diffusion arrière :,Espalhamento de volta:,Обратное рассеяние:,,
229,OTDR_REPORT_LBL_HELIX_FACTOR,余长系数：,Helix factor:,Factor hélice:,Facteur d’hélice :,Fator de hélice:,Коэффициент длины:,,
230,OTDR_REPORT_LBL_FIBER_THRE,光纤末端阈值：,Fiber end Thre.:,Fibra y umbral:,Fin de fibre Thre.:,Limite final da fibra:,Порог конца волокна:,,
231,OTDR_REPORT_LBL_TEST_LOCATION,采样点：,Test location:,Ubicación de la prueba:,Lieu du test :,Local de teste:,Точка отбора проб:,,
232,OTDR_REPORT_LBL_TEST_RESULT,测试结果：,Test result:,Resultado de la prueba:,Résultat du test :,Resultado do teste:,Результаты теста:,,
233,OTDR_REPORT_LBL_AVG_SPLICE_LOSS,平均熔接损耗：,Avg. splicing loss:,Pérdida de empalme promedio:,Perte d’épissage moyenne:,Média de perda de emenda:,Средние потери при сварке:,,
234,OTDR_REPORT_LBL_MAX_SPLICE_LOSS,最大熔接损耗：,Max. splicing loss,Pérdida de empalme máxima,Perte d’épissage max.,Máx. perda de emenda,Максимальные потери при сварке:,,
235,OTDR_REPORT_LBL_AVG_ATT,平均衰减：,Ave. Attn. loss,Pérdida de etenuación promedio,Ave. Attn. perte,Média de atenuação da perda,Среднее затухание:,,
236,OTDR_REPORT_LBL_NAME,姓名：,Name:,Nombre:,nom:,Nome:,Название:,,
237,OTDR_REPORT_LBL_DATE,日期：,Date:,Fecha:,date:,Data:,Дата:,,
238,IME_LBL_REFRACTIVE_LIMIT,请输入1.000000~2.000000之间的数字,Please input numbers between 1.000000 ~  2.000000,"Por favor, ingrese números entre 1.000000 ~  2.000000",Veuillez saisir des numéros entre 1.000000 ~ 2.000000,Insira números entre 1.000000 ~ 2.000000,"Пожалуйста, введите число от 1.000000 до 2.000000",,
239,IME_LBL_BACKLOSS_LIMIT_1310,请输入-89.44  ~  -65.45之间的数字,Please input numbers between -89.44  ~  -65.45,"Por favor, ingrese números entre -89.44  ~  -65.45","Veuillez saisir des nombres compris entre -89,44 ~ -65,45","Insira números entre -89,44 ~ -65,45","Пожалуйста, введите число от -89,44 до -65,45",,
240,IME_LBL_BACKLOSS_LIMIT_1550,请输入-91.86~-71.87之间的数字,Please input numbers between -91.86~-71.87,"Por favor, ingrese números entre  -91.86~-71.87",Veuillez saisir des numéros entre -91.86~-71.87,"Insira números entre -91,86 ~ -71,87","Пожалуйста, введите число от -91,86 до -71,87",,
241,IME_LBL_EXEC_LIMIT,请输入0.00  ~  10.00之间的数字,Please input numbers between 0.00  ~  10.00,"Por favor, ingrese números entre 0.00  ~  10.00","Veuillez saisir des nombres entre 0,00 ~ 10,00","Insira números entre 0,00 ~ 10,00","Пожалуйста, введите число от 0,00 до 10,00",,
242,IME_LBL_SPLICLOSS_LIMIT,请输入0.010 ~ 5.000之间的数字,Please input  numbers between 0.010 ～ 5.000,"Por favor, ingrese números entre 0.010 ～ 5.000","Veuillez saisir des nombres entre 0,010 et 5,000","Insira números entre 0,010 ～ 5.000","Пожалуйста, введите число от 0,010 до 5.000.",,
243,IME_LBL_ENDLOSS_LIMIT,请输入1.000 ~ 25.000之间的数字,Please input numbers between 1.000  ~  25.000,"Por favor, ingrese números entre 1.000  ~  25.000",S’il vous plaît entrer des numéros entre 1.000 ~ 25.000,Insira números entre 1.000 ~ 25.000,"Пожалуйста, введите число от 1.000 до 25.000.",,
244,DIALOG_LBL_FILEOPEN_ERR,打开文件失败！,Open file failed！,¡Error al abrir archivo!,Échec de l’ouverture du fichier !,Falha ao abrir arquivo！,Не удалось открыть файл!,,
245,DIALOG_LBL_FILENAME_INVAILD,输入的文件名无效！,The input file name is invaild!,¡El nombre ingresado es inválido!,Le nom du fichier d’entrée est invaild!,Nome do arquivo inválido!,Введено неверное имя файла!,,
246,DIALOG_LBL_INSERT_DETECTOR,请连接端面检测仪,Please connect Microscope.,"Por favor, conecte el microscopio",S’il vous plaît connecter Microscope.,Conecte o microscópio.,Подключите детектор торца,,
247,DIALOG_LBL_NOTE,提示,Note,Nota,note,Observação,Примечание,,
248,DIALOG_LBL_CREAT_REPORT,确认创建报告？,Sure to create report？,¿Está seguro de crear un informe?,Vous êtes sûr de créer un rapport ?,Deseja criar relatório？,Подтвердить создание отчета?,,
249,DIALOG_LBL_PURCHASE_FIP,请购买端面检查仪功能！,Please purchase Microscope!,"¡Por favor, adquiera un microscopio!",S’il vous plaît acheter Microscope!,Adquira o microscópio!,"Пожалуйста, приобретите функцию детектора торца!",,
250,DIALOG_LBL_PURCHASE_LS,请购买光源功能！,Please purchase LS!,"¡Por favor, adquiera fuente de luz!",S’il vous plaît acheter LS!,Adquira o LS!,"Пожалуйста, приобретите функцию источника света!",,
251,DIALOG_LBL_PURCHASE_RJ45,请购买RJ45功能！,Please purchase RJ45!,"¡Por favor, adquiera RJ45!",S’il vous plaît acheter RJ45!,Adquira o RJ45!,"Пожалуйста, приобретите функцию RJ45!",,
252,DIALOG_LBL_LEASE_DATE,租赁日期已到，请继续购买！,"The trial period is up, Please continue to buy!","El período de prueba ha terminado, ¡por favor, realice la compra!","La période d’essai est terminée, S’il vous plaît continuer à acheter!","O período de teste acabou, por favor, adquira mais!","Срок аренды наступил, продолжайте покупать!",,
253,DIALOG_LBL_PURCHASE,此功能尚未开通！,The function is not activated!,¡La función no está activada!,La fonction n’est pas activée !,A função não está ativada!,Функция не активирована!,,
254,DIALOG_SAVE_SUCCESS,保存文件成功,Save file success,Archivo guardado exitosamente,Enregistrer la réussite du fichier,Arquivo salvo com sucesso,Успешное сохранение файла,,
255,DIALOG_SOR_FILEOPEN_ERR,文件打开失败,Open file failed！,¡Error al abrir archivo!,Échec de l’ouverture du fichier !,Falha ao abrir arquivo！,Ошибка открытия файла,,
256,DIALOG_SOR_SYSTEM_ERR,文件系统出错,File system error,Error de archivo del sistema,Erreur du système de fichiers,Erro do sistema de arquivos,Ошибка файловой системы,,
257,SYSTEM_LANGUAGE_LBL_CHINA,中文,中文,中文,中文,中文,中文,,
258,SYSTEM_LANGUAGE_LBL_ENGLISH,English,English,English,English,English,English,,
259,SYSTEM_LANGUAGE_LBL_SPANISH,Español,Español,Español,Español,Español,Español,,
260,SYSTEM_LANGUAGE_LBL_FRANCE,France,France,France,France,France,France,,
261,SYSTEM_LANGUAGE_LBL_PORTUGAL,Portuguese,Portuguese,Portuguese,Portuguese,Portuguese,Portuguese,,
262,SYSTEM_LANGUAGE_LBL_RUSSIAN,Русский,Русский,Русский,Русский,Русский,Русский,,
263,SYSTEM_LANGUAGE_LBL_ITALY,意大利语,Italy,Italiano,Italie,Itáliano,Итальянский,,
264,SYSTEM_LANGUAGE_LBL_THAI,泰语,Thai,Tailandés,Thaï,Tailandês,Тайский,,
265,SYSTEM_LBL_USER_GUIDE,用户指南,User guide,Guía de usuario,Guide de l’utilisateur,Guia de usuario,Руководство пользователя,,
266,OTDR_CURVE_LBL_SAVE_SUCCESS,保存成功：,Saved successfully:,Guardado exitosamente:,Enregistré avec succès :,Salvo com sucesso:,Успешно сохранено:,,
267,OTDR_CURVE_LBL_SAVE_FAILED,保存失败！,Saved failed!,¡Falló al guardar!,L’enregistrement a échoué !,Falha ao salvar!,Сохранить не удалось!,,
268,RJ45_LBL_SEQUENCE,网线测序,Sequence,Secuencia,séquence,Seqüência,Последовательность,,
269,RJ45_LBL_RANGE,网线测距,Range,Rango,gamme,Alcance,Диапазон,,
270,RJ45_LBL_SEARCH,网线寻线,Search,Buscar,rechercher,Procurar,Поиск,,
271,RJ45_LBL_STANDARD,标准,Standard,Estándar,standard,Padrão,Стандарт,,
272,RJ45_LBL_CHECK,检测,Check,Chequear,vérifier,Verificar,Проверять,,
273,RJ45_LBL_RESULT,结果:,Result:,Resultado:,résultat:,Resultado:,Результат:,,
274,RJ45_LBL_TEST_COMPLETED,检测完成,Test complete,Prueba completa,Test terminé,Teste completo,Тест завершен,,
275,CABLE_SEQUENCE_LBL_NUMBER1,近端,Number1,Número 1,Numéro1,Número 1,Номер 1,,
276,CABLE_SEQUENCE_LBL_NUMBER2,远端,Number2,Número 2,Nombre2,Número 2,Номер 2,,
277,CABLE_RANGE_LBL_NUMBER,编号,Number,Número,nombre,Número,Номер,,
278,CABLE_RANGE_LBL_LENGTH_M,长度(m),Length(m),Longitud (m),Longueur(m),Comprimento (m),Длина (m),,
279,CABLE_RANGE_LBL_LENGTH_KM,长度(km),Length(km),Longitud (km),Longueur(km),Comprimento (km),Длина (km),,
280,CABLE_RANGE_LBL_LENGTH_FT,长度(ft),Length(ft),Longitud (ft),Longueur(ft),Comprimento (ft),Длина (ft),,
281,CABLE_RANGE_LBL_LENGTH_KFT,长度(kft),Length(kft),Longitud (kft),longueur,Comprimento (kft),Длина (kft),,
282,CABLE_RANGE_LBL_LENGTH_YD,长度(yd),Length(yd),Longitud (yd),Longueur(yd),Comprimento (yd),Длина (yd),,
283,CABLE_RANGE_LBL_LENGTH_MI,长度(mi),Length(mi),Longitud (mi),Longueur(mi),Comprimento (mi),Длина (mi),,
284,CABLE_RANGE_LBL_UNIT,单位,Unit,Unidad,unité,Unidade,Ед. изм,,
285,CABLE_SEARCH_LBL_COMMON,普通寻线,Common Search,Búsqueda común,Recherche commune,Pesquisa Comum,Общий поиск,,
286,CABLE_SEARCH_LBL_ING,寻线中…,Cable Search…,Búsqueda de cable,Recherche de câble...,Procurando cabo ...,Поиск кабеля ...,,
287,USER_GUIDE_LBL_INFO,各个选项如下所示:,All options is following:,All options is following:,All options is following:,All options is following:,All options is following:,,
